<!DOCTYPE F1LT>
<Season>
 <Year>2012</Year>
 <Races>
  <Race>
   <Number>2</Number>
   <Event>Petronas Malaysian Grand Prix</Event>
   <ShortName>MAL</ShortName>
   <Place>Sepang, Malaysia</Place>
   <Laps>56</Laps>
   <PracticeDate>23-03-2012</PracticeDate>
   <RaceDate>25-03-2012</RaceDate>
  </Race>
  <Race>
   <Number>1</Number>
   <Event>Qantas Australian Grand Prix</Event>
   <ShortName>AUS</ShortName>
   <Place>Albert Park, Australia</Place>
   <Laps>58</Laps>
   <PracticeDate>16-03-2012</PracticeDate>
   <RaceDate>18-03-2012</RaceDate>
  </Race>
  <Race>
   <Number>3</Number>
   <Event>UBS Chinese Grand Prix</Event>
   <ShortName>CHN</ShortName>
   <Place>Shanghai, China</Place>
   <Laps>56</Laps>
   <PracticeDate>13-04-2012</PracticeDate>
   <RaceDate>15-04-2012</RaceDate>
  </Race>
  <Race>
   <Number>4</Number>
   <Event>Gulf Air Bahrain Grand Prix</Event>
   <ShortName>BAH</ShortName>
   <Place>Sakhir, Bahrain</Place>
   <Laps>57</Laps>
   <PracticeDate>20-04-2012</PracticeDate>
   <RaceDate>22-04-2012</RaceDate>
  </Race>
  <Race>
   <Number>5</Number>
   <Event>Gran Premio de Espana Santander 2012</Event>
   <ShortName>SPA</ShortName>
   <Place>Catalunya, Spain</Place>
   <Laps>66</Laps>
   <PracticeDate>11-05-2012</PracticeDate>
   <RaceDate>13-05-2012</RaceDate>
  </Race>
  <Race>
   <Number>6</Number>
   <Event>Grand Prix de Monaco</Event>
   <ShortName>MON</ShortName>
   <Place>Monte Carlo, Monaco</Place>
   <Laps>78</Laps>
   <PracticeDate>24-05-2012</PracticeDate>
   <RaceDate>27-05-2012</RaceDate>
  </Race>
  <Race>
   <Number>7</Number>
   <Event>Grand Prix du Canada 2012</Event>
   <ShortName>CAN</ShortName>
   <Place>Montreal, Canada</Place>
   <Laps>70</Laps>
   <PracticeDate>08-06-2012</PracticeDate>
   <RaceDate>10-06-2012</RaceDate>
  </Race>
  <Race>
   <Number>8</Number>
   <Event>Grand Prix of Europe</Event>
   <ShortName>VAL</ShortName>
   <Place>Valencia, Spain</Place>
   <Laps>57</Laps>
   <PracticeDate>22-06-2012</PracticeDate>
   <RaceDate>24-06-2012</RaceDate>
  </Race>
  <Race>
   <Number>9</Number>
   <Event>Santander British Grand Prix</Event>
   <ShortName>GBR</ShortName>
   <Place>Silverstone, Great Britain</Place>
   <Laps>52</Laps>
   <PracticeDate>06-07-2012</PracticeDate>
   <RaceDate>08-07-2012</RaceDate>
  </Race>
  <Race>
   <Number>10</Number>
   <Event>Grosser Preis Santander von Deutschland 2012</Event>
   <ShortName>GER</ShortName>
   <Place>Hockenheim, Germany</Place>
   <Laps>67</Laps>
   <PracticeDate>20-07-2012</PracticeDate>
   <RaceDate>22-07-2012</RaceDate>
  </Race>
  <Race>
   <Number>11</Number>
   <Event>Eni Magyar Nagydij 2012</Event>
   <ShortName>HUN</ShortName>
   <Place>Budapest, Hungary</Place>
   <Laps>70</Laps>
   <PracticeDate>27-07-2012</PracticeDate>
   <RaceDate>29-07-2012</RaceDate>
  </Race>
  <Race>
   <Number>12</Number>
   <Event>Shell Belgian Grand Prix</Event>
   <ShortName>BEL</ShortName>
   <Place>Spa-Francorchamps, Belgium</Place>
   <Laps>44</Laps>
   <PracticeDate>31-08-2012</PracticeDate>
   <RaceDate>02-09-2012</RaceDate>
  </Race>
  <Race>
   <Number>13</Number>
   <Event>Gran Premio Santander d'Italia 2012</Event>
   <ShortName>ITA</ShortName>
   <Place>Monza, Italy</Place>
   <Laps>53</Laps>
   <PracticeDate>07-09-2012</PracticeDate>
   <RaceDate>09-09-2012</RaceDate>
  </Race>
  <Race>
   <Number>15</Number>
   <Event>Japanese Grand Prix</Event>
   <ShortName>JPN</ShortName>
   <Place>Suzuka, Japan</Place>
   <Laps>53</Laps>
   <PracticeDate>05-10-2012</PracticeDate>
   <RaceDate>07-10-2012</RaceDate>
  </Race>
  <Race>
   <Number>14</Number>
   <Event>Singtel Singapore Grand Prix</Event>
   <ShortName>SGP</ShortName>
   <Place>Marina Bay, Singapore</Place>
   <Laps>61</Laps>
   <PracticeDate>21-09-2012</PracticeDate>
   <RaceDate>23-09-2012</RaceDate>
  </Race>
  <Race>
   <Number>16</Number>
   <Event>Korean Grand Prix</Event>
   <ShortName>KOR</ShortName>
   <Place>Yeongam, Korea</Place>
   <Laps>55</Laps>
   <PracticeDate>12-10-2012</PracticeDate>
   <RaceDate>14-10-2012</RaceDate>
  </Race>
  <Race>
   <Number>17</Number>
   <Event>Airtel Indian Grand Prix</Event>
   <ShortName>IND</ShortName>
   <Place>New Delhi, India</Place>
   <Laps>60</Laps>
   <PracticeDate>26-10-2012</PracticeDate>
   <RaceDate>28-10-2012</RaceDate>
  </Race>
  <Race>
   <Number>18</Number>
   <Event>Etihad Airways Abu Dhabi Grand Prix</Event>
   <ShortName>ABU</ShortName>
   <Place>Yas Marina, Abu Dhabi</Place>
   <Laps>55</Laps>
   <PracticeDate>02-11-2012</PracticeDate>
   <RaceDate>04-11-2012</RaceDate>
  </Race>
  <Race>
   <Number>19</Number>
   <Event>United States Grand Prix</Event>
   <ShortName>USA</ShortName>
   <Place>Austin, USA</Place>
   <Laps>56</Laps>
   <PracticeDate>16-11-2012</PracticeDate>
   <RaceDate>18-11-2012</RaceDate>
  </Race>
  <Race>
   <Number>20</Number>
   <Event>Grande Premio do Brasil 2012</Event>
   <ShortName>BRA</ShortName>
   <Place>Interlagos, Brazil</Place>
   <Laps>71</Laps>
   <PracticeDate>23-11-2012</PracticeDate>
   <RaceDate>25-11-2012</RaceDate>
  </Race>
 </Races>
 <Teams>
  <Team id="0">
   <Name>Ferrari</Name>
   <Driver1Name>F. Alonso</Driver1Name>
   <Driver1ShortName>ALO</Driver1ShortName>
   <Driver1Number>5</Driver1Number>
   <Driver2Name>F. Massa</Driver2Name>
   <Driver2ShortName>MAS</Driver2ShortName>
   <Driver2Number>6</Driver2Number>
  </Team>
  <Team id="1">
   <Name>McLaren Mercedes</Name>
   <Driver1Name>J. Button</Driver1Name>
   <Driver1ShortName>BUT</Driver1ShortName>
   <Driver1Number>3</Driver1Number>
   <Driver2Name>L. Hamilton</Driver2Name>
   <Driver2ShortName>HAM</Driver2ShortName>
   <Driver2Number>4</Driver2Number>
  </Team>
  <Team id="2">
   <Name>Caterham Renault</Name>
   <Driver1Name>H. Kovalainen</Driver1Name>
   <Driver1ShortName>KOV</Driver1ShortName>
   <Driver1Number>20</Driver1Number>
   <Driver2Name>V. Petrov</Driver2Name>
   <Driver2ShortName>PET</Driver2ShortName>
   <Driver2Number>21</Driver2Number>
  </Team>
  <Team id="3">
   <Name>Force India Mercedes</Name>
   <Driver1Name>P. di Resta</Driver1Name>
   <Driver1ShortName>DIR</Driver1ShortName>
   <Driver1Number>11</Driver1Number>
   <Driver2Name>N. Hulkenberg</Driver2Name>
   <Driver2ShortName>HUL</Driver2ShortName>
   <Driver2Number>12</Driver2Number>
  </Team>
  <Team id="4">
   <Name>HRT Cosworth</Name>
   <Driver1Name>P. de la Rosa</Driver1Name>
   <Driver1ShortName>DLR</Driver1ShortName>
   <Driver1Number>22</Driver1Number>
   <Driver2Name>N. Karthikeyan</Driver2Name>
   <Driver2ShortName>KAR</Driver2ShortName>
   <Driver2Number>23</Driver2Number>
  </Team>
  <Team id="5">
   <Name>Lotus Renault</Name>
   <Driver1Name>K. Raikkonen</Driver1Name>
   <Driver1ShortName>RAI</Driver1ShortName>
   <Driver1Number>9</Driver1Number>
   <Driver2Name>R. Grosjean</Driver2Name>
   <Driver2ShortName>GRO</Driver2ShortName>
   <Driver2Number>10</Driver2Number>
  </Team>
  <Team id="6">
   <Name>Marussia Cosworth</Name>
   <Driver1Name>T. Glock</Driver1Name>
   <Driver1ShortName>GLO</Driver1ShortName>
   <Driver1Number>24</Driver1Number>
   <Driver2Name>C. Pic</Driver2Name>
   <Driver2ShortName>PIC</Driver2ShortName>
   <Driver2Number>25</Driver2Number>
  </Team>
  <Team id="7">
   <Name>Mercedes</Name>
   <Driver1Name>M. Schumacher</Driver1Name>
   <Driver1ShortName>MSC</Driver1ShortName>
   <Driver1Number>7</Driver1Number>
   <Driver2Name>N. Rosberg</Driver2Name>
   <Driver2ShortName>ROS</Driver2ShortName>
   <Driver2Number>8</Driver2Number>
  </Team>
  <Team id="8">
   <Name>Red Bull Renault</Name>
   <Driver1Name>S. Vettel</Driver1Name>
   <Driver1ShortName>VET</Driver1ShortName>
   <Driver1Number>1</Driver1Number>
   <Driver2Name>M. Webber</Driver2Name>
   <Driver2ShortName>WEB</Driver2ShortName>
   <Driver2Number>2</Driver2Number>
  </Team>
  <Team id="9">
   <Name>Sauber Ferrari</Name>
   <Driver1Name>K. Kobayashi</Driver1Name>
   <Driver1ShortName>KOB</Driver1ShortName>
   <Driver1Number>14</Driver1Number>
   <Driver2Name>S. Perez</Driver2Name>
   <Driver2ShortName>PER</Driver2ShortName>
   <Driver2Number>15</Driver2Number>
  </Team>
  <Team id="10">
   <Name>Williams Renault</Name>
   <Driver1Name>P. Maldonado</Driver1Name>
   <Driver1ShortName>MAL</Driver1ShortName>
   <Driver1Number>18</Driver1Number>
   <Driver2Name>B. Senna</Driver2Name>
   <Driver2ShortName>SEN</Driver2ShortName>
   <Driver2Number>19</Driver2Number>
  </Team>
  <Team id="11">
   <Name>STR Ferrari</Name>
   <Driver1Name>D. Ricciardo</Driver1Name>
   <Driver1ShortName>RIC</Driver1ShortName>
   <Driver1Number>16</Driver1Number>
   <Driver2Name>J. Vergne</Driver2Name>
   <Driver2ShortName>VER</Driver2ShortName>
   <Driver2Number>17</Driver2Number>
  </Team>
 </Teams>
</Season>
